1,AALEN
2,AASEN
3,ABART
4,ABBAU
5,ABEBA
6,ABECE
7,ABEND
8,ABGAS
9,ABIES
10,ABJAD
11,ABORT
12,ABOUT
13,ABRUF
14,ABSUD
15,ABTEI
16,ABTUN
17,ABUJA
18,ABWEG
19,ABYME
20,ABZUG
21,ACCRA
22,ACHSE
23,ACHTE
24,ACIES
25,ACKER
26,ACUTA
27,ADAMI
28,ADAMS
29,ADDIS
30,ADDON
31,ADELE
32,ADELN
33,ADEPS
34,ADEPT
35,ADERN
36,ADIEU
37,ADLER
38,ADLIG
39,ADMIN
40,ADOLF
41,ADRIA
42,AEQUO
43,AEROB
44,AFAIK
45,AFFEN
46,AFFIG
47,AFFIN
48,AFFIX
49,AFRIK
50,AFTER
51,AGENS
52,AGENT
53,AGNUS
54,AGRAM
55,AGRAR
56,AHNEN
57,AHNST
58,AHORN
59,AIDED
60,AIOLI
61,AIRES
62,AKABA
63,AKREN
64,AKTEI
65,AKTEN
66,AKTIE
67,AKTIV
68,AKTOR
69,AKUTE
70,AKÜFI
71,ALARM
72,ALBIS
73,ALBIT
74,ALBUM
75,ALBUS
76,ALCES
77,ALERT
78,ALGIN
79,ALGOL
80,ALIAE
81,ALIAS
82,ALIBI
83,ALIEN
84,ALKAN
85,ALKOR
86,ALLAH
87,ALLEE
88,ALLEM
89,ALLEN
90,ALLER
91,ALLES
92,ALLEZ
93,ALLOD
94,ALLZU
95,ALMER
96,ALPEN
97,ALPHA
98,ALPHI
99,ALPIN
100,ALSEM
101,ALTAN
102,ALTAR
103,ALTEN
104,ALTER
105,ALTES
106,ALULA
107,AMBER
108,AMBIG
109,AMBRA
110,AMMEI
111,AMORS
112,AMOUR
113,AMPEL
114,AMSEL
115,AMTEI
116,AMTEN
117,AMTES
118,AMÖBE
119,ANALE
120,ANBAU
121,ANBEI
122,ANBOT
123,ANGEL
124,ANGER
125,ANGIE
126,ANGST
127,ANHIN
128,ANIME
129,ANKEN
130,ANKER
131,ANMUT
132,ANNEX
133,ANNUA
134,ANNUM
135,ANNUS
136,ANODE
137,ANOVA
138,ANRUF
139,ANTIK
140,ANTON
141,ANTUN
142,ANURA
143,ANZUG
144,AORTA
145,APART
146,APERO
147,APFEL
148,APHEL
149,APNOE
150,APONA
151,APPLE
152,APRIL
153,APSIS
154,AQUAE
155,ARBER
156,ARCUS
157,AREAL
158,ARECA
159,ARENA
160,ARETE
161,ARGEN
162,ARGON
163,ARGOT
164,ARIES
165,ARKAN
166,ARMEE
167,ARMEN
168,ARMER
169,ARMES
170,ARMUT
171,AROMA
172,ARRAY
173,ARROW
174,ARSCH
175,ARTEN
176,ARTES
177,ARTIG
178,ARUAK
179,ASCHE
180,ASCOT
181,ASIEN
182,ASINI
183,ASKED
184,ASPIK
185,ASSET
186,ASSIG
187,ASTEN
188,ASTER
189,ATHEN
190,ATLAS
191,ATMEN
192,ATOLL
193,ATZEN
194,AUDIO
195,AUDIT
196,AUGEN
197,AUGES
198,AUGUR
199,AULOS
200,AURAL
201,AUREA
202,AURUM
203,AUTOR
204,AUTOS
205,AUWEL
206,AVANT
207,AVERS
208,AVISO
209,AVIUM
210,AWARD
211,AXIAL
212,AXIOM
213,AYERS
214,AZUBI
215,BACHE
216,BACKE
217,BADEN
218,BADER
219,BAFIN
220,BAFÖG
221,BAGEL
222,BAGGY
223,BAGNO
224,BAHRE
225,BAIJI
226,BAIRE
227,BALDE
228,BALUN
229,BAMBI
230,BANAL
231,BANDE
232,BANGE
233,BARBE
234,BARDE
235,BARER
236,BARES
237,BARGE
238,BARKE
239,BARON
240,BARTE
241,BARTS
242,BASAL
243,BASAR
244,BASIC
245,BASIS
246,BASSO
247,BAUCH
248,BAUEN
249,BAUER
250,BAYER
251,BAYES
252,BEBEN
253,BEEIL
254,BEETE
255,BEGAB
256,BEHUF
257,BEIDE
258,BEIGE
259,BEINE
260,BEISS
261,BEIZE
262,BELAG
263,BELEG
264,BELLI
265,BEMME
266,BEMÜH
267,BENIN
268,BERGE
269,BERUF
270,BESAN
271,BESEN
272,BESTE
273,BETEN
274,BETON
275,BEULE
276,BEUTE
277,BEVOR
278,BEWEG
279,BEZUG
280,BIBEL
281,BIBER
282,BIDET
283,BIEGE
284,BIENE
285,BIENN
286,BIEST
287,BIJOU
288,BIKER
289,BILDE
290,BILGE
291,BIMBO
292,BINDE
293,BINSE
294,BINÄR
295,BIOÖL
296,BIPED
297,BIRKE
298,BIRMA
299,BIRNE
300,BISAM
301,BISON
302,BISTE
303,BITCH
304,BITTE
305,BIVVY
306,BIWAK
307,BIXIN
308,BLACK
309,BLAGE
310,BLAIR
311,BLAME
312,BLANC
313,BLANK
314,BLASE
315,BLASS
316,BLATT
317,BLAUE
318,BLECH
319,BLEIB
320,BLICK
321,BLIDE
322,BLIMP
323,BLIND
324,BLING
325,BLITZ
326,BLOCH
327,BLOCK
328,BLOND
329,BLOSS
330,BLUES
331,BLUFF
332,BLUME
333,BLUST
334,BLUTE
335,BLÄST
336,BLÖDE
337,BLÖDI
338,BLÜHT
339,BLÜTE
340,BMVBW
341,BOANL
342,BOARD
343,BOCHE
344,BODEN
345,BOECK
346,BOGEN
347,BOHEI
348,BOHLE
349,BOHNE
350,BOLID
351,BOLLE
352,BOLUS
353,BOMBE
354,BONNE
355,BONNY
356,BONUM
357,BONUS
358,BONZE
359,BONZO
360,BORAX
361,BORKE
362,BORTE
363,BOSON
364,BOSSE
365,BOTOX
366,BOUBA
367,BOWEN
368,BOXEN
369,BOXER
370,BRACH
371,BRAMA
372,BRAND
373,BRASS
374,BRAST
375,BRAUE
376,BRAUN
377,BRAUS
378,BRAUT
379,BRAVO
380,BREAK
381,BREIT
382,BRETT
383,BREZE
384,BREZN
385,BRIEF
386,BRIES
387,BRING
388,BRISE
389,BRISK
390,BRITE
391,BRONN
392,BRONX
393,BROWN
394,BRUCE
395,BRUCH
396,BRUST
397,BRÜHE
398,BRÜHL
399,BRÜSK
400,BSUFF
401,BUCHE
402,BUCHS
403,BUCHT
404,BUDDY
405,BUFDI
406,BUFFA
407,BUGGY
408,BUGLE
409,BUHEI
410,BUHNE
411,BULLA
412,BULLE
413,BULLI
414,BULLY
415,BUNDE
416,BUNDI
417,BUNTE
418,BUNZE
419,BUREN
420,BURMA
421,BUSCH
422,BUSEN
423,BUSSE
424,BUSSI
425,BUTCH
426,BUTTE
427,BUTZE
428,BUXUS
429,BYOBU
430,BÄCHE
431,BÄLDE
432,BÄLLE
433,BÄNDE
434,BÄNKE
435,BÄREN
436,BÄRME
437,BÄUME
438,BÖGEN
439,BÖRSE
440,BÖSEN
441,BÖSER
442,BÖSES
443,BÖTEL
444,BÜBEL
445,BÜGEL
446,BÜHEL
447,BÜHNE
448,BÜRDE
449,BÜRGE
450,BÜSTE
451,BÜTTE
452,CABIN
453,CACAO
454,CACHE
455,CAMEO
456,CANAL
457,CANDY
458,CANIS
459,CAPUT
460,CARGO
461,CARLO
462,CARTA
463,CARTE
464,CASUS
465,CAUSA
466,CAVUM
467,CAVUS
468,CCITT
469,CECUM
470,CELIT
471,CELLO
472,CERES
473,CETUS
474,CHAIN
475,CHAMP
476,CHAOS
477,CHAOT
478,CHEAT
479,CHEMO
480,CHILE
481,CHILI
482,CHILL
483,CHINA
484,CHIPS
485,CHLOR
486,CHOKE
487,CHOLM
488,CHOSE
489,CHRIS
490,CHROM
491,CHUAN
492,CICER
493,CIDER
494,CIDRE
495,CIMIR
496,CIRCA
497,CLAIM
498,CLASH
499,CLASS
500,CLAUS
501,CLOUD
502,CLOWN
503,COACH
504,COCOS
505,CODEN
506,CODER
507,CODEX
508,CODON
509,COLLA
510,COLON
511,COLOR
512,COMBO
513,COMER
514,COMIC
515,COMMA
516,COMTE
517,CONTO
518,COOLE
519,COPAL
520,CORAM
521,CORNO
522,CORPS
523,COSTA
524,COUCH
525,COUNT
526,COVER
527,COYPU
528,CRACK
529,CRASH
530,CRAZY
531,CREDO
532,CREEK
533,CREME
534,CROIX
535,CROSS
536,CULPA
537,CUMIN
538,CURRY
539,CUTIN
540,CUTIS
541,CYCLE
542,CÄSAR
543,DABEI
544,DACHS
545,DADDY
546,DAESH
547,DAFÜR
548,DAHAT
549,DAHER
550,DAHIN
551,DAIME
552,DAIZU
553,DAKAR
554,DALBE
555,DALEN
556,DALIT
557,DALKE
558,DALLE
559,DALLI
560,DAMEN
561,DAMIT
562,DAMPF
563,DANCE
564,DANDY
565,DANIO
566,DANKE
567,DANKT
568,DANSE
569,DARAN
570,DARIN
571,DARMS
572,DAROB
573,DARUM
574,DATEI
575,DATEN
576,DATIV
577,DATUM
578,DATUR
579,DAUER
580,DAUNE
581,DAVON
582,DAVOR
583,DEBET
584,DEBIL
585,DEBÜT
586,DECKE
587,DEERN
588,DEGEN
589,DEICH
590,DEIER
591,DEINE
592,DEKAN
593,DEKON
594,DELAG
595,DELHI
596,DELIR
597,DELLE
598,DELLO
599,DELTA
600,DEMSE
601,DEMUT
602,DENEN
603,DENIM
604,DENKE
605,DENKT
606,DENTE
607,DEPOT
608,DEPRI
609,DERBE
610,DEREN
611,DERER
612,DESTO
613,DETTO
614,DEUEN
615,DEVOT
616,DIANA
617,DICHT
618,DICKE
619,DICTU
620,DIELE
621,DIESE
622,DIFDA
623,DILDO
624,DILLE
625,DIMLI
626,DINGE
627,DINGI
628,DINGS
629,DIODE
630,DIPPS
631,DIREX
632,DIRNE
633,DISCO
634,DISKO
635,DISPO
636,DISSE
637,DISTO
638,DIVIS
639,DIWAN
640,DIXIE
641,DOCKE
642,DOGGE
643,DOGMA
644,DOHLE
645,DOING
646,DOKDO
647,DOLCE
648,DOLLE
649,DOLLY
650,DOLOS
651,DOMSE
652,DONAU
653,DONUT
654,DOOFE
655,DOPEN
656,DORER
657,DORSI
658,DORST
659,DOSEN
660,DOSTO
661,DOYEN
662,DRAHT
663,DRALL
664,DRAMA
665,DRANG
666,DRANK
667,DRAPP
668,DRAUF
669,DREAM
670,DRECK
671,DREHT
672,DRELL
673,DRESS
674,DRILL
675,DRINK
676,DRISS
677,DRITT
678,DRIVE
679,DROGE
680,DROGI
681,DROHN
682,DROHT
683,DROPS
684,DROST
685,DRUCK
686,DRUFF
687,DRUGS
688,DRÖGE
689,DRÜCK
690,DRÜSE
691,DUALE
692,DUBIO
693,DUELL
694,DUETT
695,DUFTE
696,DUHNE
697,DUKAT
698,DULAG
699,DULLI
700,DUMBO
701,DUMME
702,DUMMY
703,DUMPF
704,DUNST
705,DURCH
706,DURIO
707,DURST
708,DURUM
709,DUSEL
710,DUTCH
711,DUTZL
712,DUVNO
713,DUZEN
714,DÄHLE
715,DÄMEL
716,DÄMON
717,DÖBEL
718,DÖDEL
719,DÖNER
720,DÖRPT
721,DÖSEN
722,DÖSIG
723,DÜBEL
724,DÜNNE
725,DÜPPE
726,DÜRRE
727,DÜSEN
728,DÜVEL
729,EARTH
730,EBENE
731,EBICH
732,EBNEN
733,ECHTE
734,ECKEN
735,ECKIG
736,EDIKT
737,EDITH
738,EDLEM
739,EDLER
740,EDLES
741,EDUKT
742,EENEN
743,EFFET
744,EHERN
745,EHREN
746,EICHE
747,EIDAM
748,EIDES
749,EIERN
750,EIFER
751,EIGEN
752,EILAT
753,EILEN
754,EILIG
755,EIMER
756,EINEM
757,EINEN
758,EINER
759,EINES
760,EINIG
761,EINST
762,EISEN
763,EISIG
764,EISOP
765,EITEL
766,EITER
767,EKELN
768,EKLAT
769,EKLIG
770,EKTOP
771,EKZEM
772,ELAND
773,ELEND
774,ELEVE
775,ELFER
776,ELITE
777,ELLER
778,ELOGE
779,ELPHI
780,ELTER
781,ELVIS
782,EMAIL
783,EMDEN
784,EMPOR
785,EMSIG
786,ENDEN
787,ENDES
788,ENGEL
789,ENGEM
790,ENGEN
791,ENGER
792,ENGES
793,ENKEL
794,ENNUI
795,ENORM
796,ENTEN
797,ENTER
798,ENTRE
799,ENZYM
800,EPHEU
801,EPLAX
802,EQUUS
803,ERBEN
804,ERBSE
805,ERDEN
806,ERDIG
807,ERDÖL
808,EREMO
809,ERETZ
810,ERICH
811,ERIKA
812,ERKER
813,ERLÖS
814,ERNST
815,ERNTE
816,ERPEL
817,ERROR
818,ERSTE
819,ERSTI
820,ERWIN
821,ERZEN
822,ESCHE
823,ESOPE
824,ESSAY
825,ESSEN
826,ESSIG
827,ESUSU
828,ETAGE
829,ETHIK
830,ETHIN
831,ETHOS
832,ETWAS
833,EUMEL
834,EUREN
835,EVENT
836,EWIGE
837,EXAKT
838,EXLEX
839,EXPAT
840,EXTRA
841,FABEL
842,FABER
843,FACHS
844,FACIE
845,FACTO
846,FADEN
847,FADER
848,FADES
849,FAGIN
850,FAGUS
851,FAHLE
852,FAHNE
853,FAHRT
854,FAKEN
855,FALCO
856,FALKE
857,FALLE
858,FALLS
859,FALSE
860,FALSO
861,FALTE
862,FAMOS
863,FANAL
864,FARBE
865,FARCE
866,FARIN
867,FARSI
868,FASER
869,FASST
870,FATAL
871,FATUM
872,FAULE
873,FAUNA
874,FAUST
875,FAUTH
876,FAXEN
877,FAZIT
878,FEBER
879,FEDER
880,FEGEN
881,FEGER
882,FEHDE
883,FEHLT
884,FEIER
885,FEIGE
886,FEIND
887,FEINE
888,FEIST
889,FEITL
890,FELDE
891,FELGE
892,FELIS
893,FEMIS
894,FEMME
895,FEMUR
896,FERGE
897,FERNE
898,FERRO
899,FERSE
900,FERUS
901,FESCH
902,FESEN
903,FESTE
904,FETTE
905,FETUS
906,FETZT
907,FEUER
908,FEVER
909,FIALE
910,FIBEL
911,FIBER
912,FIBRE
913,FICHT
914,FICKE
915,FIDEL
916,FIELD
917,FIESE
918,FIETS
919,FIEZE
920,FIFFI
921,FIFTY
922,FIGHT
923,FIGUR
924,FILET
925,FILME
926,FILOU
927,FINAL
928,FINCA
929,FINDE
930,FINES
931,FINIS
932,FINNE
933,FINTE
934,FIRMA
935,FIRST
936,FISCH
937,FIXEN
938,FIXER
939,FIXES
940,FIXIE
941,FIXUM
942,FJORD
943,FLACH
944,FLAIR
945,FLAUM
946,FLECK
947,FLEXI
948,FLINK
949,FLINT
950,FLIRT
951,FLOAT
952,FLOPS
953,FLORA
954,FLOSS
955,FLOTT
956,FLUCH
957,FLUGE
958,FLUGS
959,FLUID
960,FLUKE
961,FLUOR
962,FLUSE
963,FLUSS
964,FLYER
965,FLÖHE
966,FLÖNZ
967,FLÖTE
968,FODOM
969,FOKUS
970,FOLGE
971,FOLGT
972,FOLIE
973,FONDS
974,FONEM
975,FORCE
976,FOREX
977,FORKE
978,FORLE
979,FORMA
980,FORST
981,FORUM
982,FOSSA
983,FOTOM
984,FOTZE
985,FOYER
986,FRACK
987,FRAGE
988,FRAGT
989,FRANK
990,FRANZ
991,FRASS
992,FRATZ
993,FREAK
994,FRECH
995,FRECK
996,FREIE
997,FREMD
998,FRESS
999,FRETT
1000,FREUE
1001,FREUT
1002,FRISS
1003,FRIST
1004,FRITZ
1005,FROHE
1006,FROMM
1007,FRONT
1008,FROST
1009,FRUNK
1010,FRUST
1011,FRÄSE
1012,FRÜHE
1013,FUCHS
1014,FUDER
1015,FUFFI
1016,FUGAX
1017,FUGEN
1018,FUHRE
1019,FUNDI
1020,FUNDS
1021,FUNGI
1022,FUNKE
1023,FURIE
1024,FUROR
1025,FUSEL
1026,FUSSE
1027,FUSSI
1028,FUTON
1029,FUTUR
1030,FUZZI
1031,FUZZY
1032,FÄDEN
1033,FÄHIG
1034,FÄHRE
1035,FÄHRT
1036,FÄLLE
1037,FÄLLT
1038,FÄNGT
1039,FÄRSE
1040,FÄULE
1041,FÄZES
1042,FÖHRE
1043,FÖRDE
1044,FÖTUS
1045,FÜDLI
1046,FÜGEN
1047,FÜHLT
1048,FÜHRT
1049,FÜLLE
1050,FÜLLT
1051,FÜNFT
1052,FÜNTE
1053,FÜRST
1054,FÜRTH
1055,FÜSSE
1056,GAANZ
1057,GABEL
1058,GABUN
1059,GAGEL
1060,GALAN
1061,GALEA
1062,GALLE
1063,GALVO
1064,GAMEN
1065,GAMER
1066,GAMET
1067,GANDT
1068,GANGE
1069,GANJA
1070,GANZE
1071,GARBE
1072,GARBO
1073,GARDE
1074,GAREN
1075,GARNI
1076,GARRA
1077,GASEN
1078,GASSE
1079,GASSI
1080,GASÖL
1081,GATED
1082,GATTE
1083,GAUBE
1084,GAUCH
1085,GAUDI
1086,GAUPE
1087,GAUSS
1088,GEBAR
1089,GEBEN
1090,GEBER
1091,GEBET
1092,GEBOT
1093,GEGEN
1094,GEHAB
1095,GEHEN
1096,GEHST
1097,GEHTS
1098,GEHÖR
1099,GEIER
1100,GEIGE
1101,GEILE
1102,GEISS
1103,GEIST
1104,GELBE
1105,GELEE
1106,GELLE
1107,GELSE
1108,GEMMA
1109,GEMÜT
1110,GENAU
1111,GENIE
1112,GENOM
1113,GENRE
1114,GENUG
1115,GENUS
1116,GEORG
1117,GERNE
1118,GERTE
1119,GERÄT
1120,GESTE
1121,GESÄT
1122,GETAN
1123,GETTO
1124,GETUE
1125,GEÄST
1126,GEÜBT
1127,GGMBH
1128,GHANA
1129,GIBST
1130,GICHT
1131,GIGAS
1132,GILAN
1133,GILDE
1134,GILET
1135,GINKO
1136,GIPSY
1137,GITTE
1138,GITZI
1139,GIZMO
1140,GJAID
1141,GLACE
1142,GLANS
1143,GLANZ
1144,GLATT
1145,GLAUB
1146,GLEES
1147,GLEFE
1148,GLEIS
1149,GLEVE
1150,GLICK
1151,GLIED
1152,GLOTZ
1153,GLUMP
1154,GLÄFE
1155,GLÄVE
1156,GLÜCK
1157,GLÜHT
1158,GNADE
1159,GNAGI
1160,GNOME
1161,GOING
1162,GOLEM
1163,GOLFS
1164,GONGT
1165,GONZO
1166,GORKI
1167,GOSCH
1168,GOSSE
1169,GOUQI
1170,GRABE
1171,GRADE
1172,GRAND
1173,GRANO
1174,GRANT
1175,GRAPH
1176,GRATA
1177,GRAUE
1178,GRAVE
1179,GREAT
1180,GREBE
1181,GREBT
1182,GREEN
1183,GREFE
1184,GREIF
1185,GREIS
1186,GRELL
1187,GRETA
1188,GREVE
1189,GRIFF
1190,GRILL
1191,GRIMM
1192,GRIND
1193,GRIPS
1194,GROBE
1195,GROKO
1196,GROLL
1197,GROSS
1198,GROTE
1199,GRUBE
1200,GRUFT
1201,GRUIT
1202,GRUMS
1203,GRUND
1204,GRUSS
1205,GRÄBT
1206,GRÄTE
1207,GRÜNE
1208,GRÜSS
1209,GSÄLZ
1210,GUANO
1211,GULAG
1212,GULLY
1213,GUMMI
1214,GUNST
1215,GUOYU
1216,GURKE
1217,GUSTO
1218,GUTEM
1219,GUTEN
1220,GUTER
1221,GUTES
1222,GYPSY
1223,GÄBIG
1224,GÄMSE
1225,GÄNGE
1226,GÄNSE
1227,GÄREN
1228,GÄSTE
1229,GÖNNE
1230,GÖNNT
1231,GÖTZE
1232,GÜLLE
1233,GÜTER
1234,GÜTIG
1235,HAARE
1236,HABEN
1237,HABIL
1238,HABIT
1239,HACKE
1240,HACKT
1241,HADER
1242,HADES
1243,HADJI
1244,HAFEN
1245,HAFER
1246,HAFTE
1247,HAGEL
1248,HAGER
1249,HAIDE
1250,HAIMA
1251,HAKEN
1252,HALBE
1253,HALDE
1254,HALLE
1255,HALLO
1256,HALLU
1257,HALON
1258,HALSE
1259,HALTE
1260,HAMAM
1261,HANDY
1262,HANKO
1263,HANSA
1264,HANSE
1265,HANSL
1266,HAPPE
1267,HAPPS
1268,HAPPY
1269,HARDY
1270,HAREM
1271,HARFE
1272,HARKE
1273,HARTE
1274,HARTZ
1275,HASCH
1276,HASEL
1277,HASSE
1278,HASTA
1279,HASTE
1280,HATER
1281,HATTE
1282,HAUBE
1283,HAUCH
1284,HAUEN
1285,HAUER
1286,HAUPT
1287,HAUSE
1288,HAUTE
1289,HEAVY
1290,HEBEL
1291,HEBEN
1292,HEBES
1293,HECHT
1294,HECKE
1295,HEELS
1296,HEGEN
1297,HEHRE
1298,HEIDE
1299,HEILE
1300,HEILT
1301,HEINI
1302,HEIRI
1303,HEISS
1304,HELFE
1305,HELGE
1306,HELIX
1307,HELLE
1308,HELOT
1309,HEMST
1310,HENDL
1311,HENNE
1312,HEPAR
1313,HERAB
1314,HERAN
1315,HERBA
1316,HERBE
1317,HERDE
1318,HEROE
1319,HEROS
1320,HERRN
1321,HERUM
1322,HETZE
1323,HETZT
1324,HEUER
1325,HEUET
1326,HEUTE
1327,HEXEN
1328,HEXER
1329,HICKI
1330,HICKS
1331,HIEBE
1332,HIESS
1333,HILFE
1334,HILFT
1335,HILTI
1336,HINAB
1337,HINKT
1338,HINZU
1339,HIPPE
1340,HIPPO
1341,HIRNI
1342,HIRSE
1343,HIRTE
1344,HITZE
1345,HMONG
1346,HOBBY
1347,HOBEL
1348,HOCKE
1349,HODEN
1350,HOFFE
1351,HOHEM
1352,HOHEN
1353,HOHER
1354,HOHES
1355,HOHLE
1356,HOLDE
1357,HOLEN
1358,HOMES
1359,HONEN
1360,HONEY
1361,HONIG
1362,HONNI
1363,HOPEN
1364,HOPSE
1365,HORCH
1366,HORDE
1367,HORSE
1368,HORST
1369,HOSEN
1370,HOTEL
1371,HOTTE
1372,HOUSE
1373,HUANG
1374,HUCKE
1375,HUFEN
1376,HUKER
1377,HULLE
1378,HULLY
1379,HUMAN
1380,HUMID
1381,HUMOR
1382,HUNDE
1383,HUNNI
1384,HUPEN
1385,HUREN
1386,HURRA
1387,HUSCH
1388,HUSSE
1389,HUTZE
1390,HYMEN
1391,HYMNE
1392,HYPEN
1393,HYÄNE
1394,HÄCKE
1395,HÄFEN
1396,HÄNDE
1397,HÄNGT
1398,HÄREN
1399,HÄRTE
1400,HÄSCH
1401,HÄTTE
1402,HÄUSL
1403,HÖBES
1404,HÖHEN
1405,HÖHER
1406,HÖHLE
1407,HÖKER
1408,HÖLLE
1409,HÖREN
1410,HÖRER
1411,HÖRIG
1412,HÖRST
1413,HÜBEN
1414,HÜFTE
1415,HÜGEL
1416,HÜLLE
1417,HÜLSE
1418,HÜMST
1419,HÜNST
1420,HÜPFT
1421,HÜRDE
1422,HÜTEN
1423,HÜTER
1424,HÜTES
1425,HÜTTE
1426,ICNCP
1427,IDEAL
1428,IDEEN
1429,IDENT
1430,IDIOM
1431,IDIOT
1432,IDYLL
1433,IGITT
1434,IGNIS
1435,IHNEN
1436,IHREM
1437,IHREN
1438,IHRER
1439,IHRES
1440,IKONE
1441,ILEUM
1442,ILEUS
1443,ILHAS
1444,ILIUM
1445,ILTIS
1446,IMAGE
1447,IMBER
1448,IMBUS
1449,IMKER
1450,IMMER
1451,IMMUN
1452,IMPFE
1453,INBUS
1454,INDEM
1455,INDES
1456,INDEX
1457,INDIK
1458,INDIZ
1459,INERT
1460,INFAM
1461,INFIX
1462,INFUS
1463,INGER
1464,INNEN
1465,INNIG
1466,INPUT
1467,INSEL
1468,INTEL
1469,INTER
1470,INTIM
1471,INTRO
1472,INTUS
1473,IONEN
1474,IPSCH
1475,IRAKS
1476,IRBIS
1477,IRDEN
1478,IRISH
1479,IRREN
1480,IRRER
1481,IRRES
1482,IRRIG
1483,IRRST
1484,ISCHE
1485,ISLAM
1486,ISNIK
1487,ISPEN
1488,ISSES
1489,ISSET
1490,ISSUE
1491,ITAKA
1492,ITZIG
1493,IULIA
1494,IURIS
1495,IWRIT
1496,JACHT
1497,JACKE
1498,JAGEN
1499,JAHRE
1500,JAKOB
1501,JALON
1502,JALTA
1503,JAMES
1504,JANZE
1505,JAPAN
1506,JAPSE
1507,JAUER
1508,JAUSE
1509,JEANS
1510,JEDEM
1511,JEDEN
1512,JEDER
1513,JEDES
1514,JEHER
1515,JEMEN
1516,JENEN
1517,JENER
1518,JENES
1519,JESUS
1520,JETON
1521,JETZO
1522,JETZT
1523,JIMMY
1524,JOINT
1525,JOKER
1526,JOKUS
1527,JOLLE
1528,JOLLY
1529,JONES
1530,JOPPE
1531,JOSEF
1532,JUBEL
1533,JUCKT
1534,JUDAS
1535,JUDEN
1536,JUDIZ
1537,JUDÄA
1538,JUICE
1539,JULEI
1540,JUMBO
1541,JUNGE
1542,JUNGS
1543,JUNTA
1544,JURIS
1545,JUROR
1546,JURTE
1547,JUSTE
1548,JUWEL
1549,JUXEN
1550,JÄGER
1551,JÄTEN
1552,KABEL
1553,KABIS
1554,KACKE
1555,KADER
1556,KAIRO
1557,KAKAO
1558,KAKKE
1559,KALLE
1560,KALME
1561,KALTE
1562,KAMEE
1563,KAMEL
1564,KAMEO
1565,KAMIN
1566,KAMPF
1567,KANAK
1568,KANAL
1569,KANAT
1570,KANIN
1571,KANNE
1572,KANNZ
1573,KANON
1574,KANTE
1575,KAPEE
1576,KAPER
1577,KAPOK
1578,KAPPE
1579,KAPUK
1580,KAREL
1581,KARGE
1582,KARIN
1583,KARLS
1584,KARMA
1585,KAROS
1586,KARRE
1587,KARST
1588,KARTE
1589,KASCH
1590,KASSA
1591,KASSE
1592,KASTE
1593,KASTL
1594,KASUS
1595,KATAR
1596,KATER
1597,KATZE
1598,KAUEN
1599,KEBAB
1600,KEBAP
1601,KEGEL
1602,KEHLE
1603,KEHRE
1604,KEHRT
1605,KEILE
1606,KEIME
1607,KEINE
1608,KELCH
1609,KELLE
1610,KELTE
1611,KENIA
1612,KENNE
1613,KENNT
1614,KERAK
1615,KERBE
1616,KERLS
1617,KERMS
1618,KERUB
1619,KERWA
1620,KERWE
1621,KERZE
1622,KETOS
1623,KETTE
1624,KEULE
1625,KHAKI
1626,KHMER
1627,KIADA
1628,KIEPE
1629,KIMME
1630,KIOSK
1631,KIPPA
1632,KIPPE
1633,KIPPT
1634,KIRBE
1635,KIRRE
1636,KIRWA
1637,KISCH
1638,KISTE
1639,KITEN
1640,KLADE
1641,KLAGE
1642,KLAMM
1643,KLANG
1644,KLAPS
1645,KLARE
1646,KLAUE
1647,KLEBE
1648,KLEBT
1649,KLEID
1650,KLEIN
1651,KLICK
1652,KLIFF
1653,KLIMA
1654,KLIPP
1655,KLOPF
1656,KLOPS
1657,KLOSS
1658,KLOTT
1659,KLOTZ
1660,KLUFT
1661,KLUMP
1662,KLUNZ
1663,KNABE
1664,KNACK
1665,KNALL
1666,KNAPP
1667,KNAST
1668,KNAUF
1669,KNETE
1670,KNICK
1671,KNIEN
1672,KNIFF
1673,KNIPS
1674,KNOFI
1675,KNOPF
1676,KNORZ
1677,KNUFF
1678,KNUST
1679,KNUTE
1680,KNÖCK
1681,KNÜLL
1682,KOALA
1683,KOBEL
1684,KOBRA
1685,KOCHT
1686,KODEX
1687,KOHLE
1688,KOHLS
1689,KOKON
1690,KOLIK
1691,KOLIN
1692,KOLON
1693,KOMBI
1694,KOMET
1695,KOMIK
1696,KOMMA
1697,KOMME
1698,KOMMT
1699,KONGO
1700,KONTO
1701,KONUS
1702,KOPAL
1703,KOPIE
1704,KOPPE
1705,KOPRA
1706,KORAN
1707,KOREA
1708,KORPS
1709,KORSO
1710,KOSEN
1711,KOSTE
1712,KOTAU
1713,KOTEN
1714,KOTIG
1715,KOTTI
1716,KOTZE
1717,KRACH
1718,KRAFT
1719,KRAGE
1720,KRAKE
1721,KRAMS
1722,KRANK
1723,KRAPP
1724,KRASS
1725,KRATZ
1726,KRAUS
1727,KRAUT
1728,KRAXE
1729,KRAXN
1730,KREBS
1731,KREDO
1732,KREIS
1733,KREME
1734,KREML
1735,KREOL
1736,KRETA
1737,KRETE
1738,KREUZ
1739,KRIDA
1740,KRIEG
1741,KRIMI
1742,KRIPO
1743,KRISE
1744,KRONE
1745,KROPF
1746,KROSS
1747,KRUDE
1748,KRULL
1749,KRUME
1750,KRUMM
1751,KRUPP
1752,KRÄHE
1753,KRÄHT
1754,KRÖSE
1755,KRÖTE
1756,KUBUS
1757,KUDER
1758,KUGEL
1759,KUHLE
1760,KUMIN
1761,KUNDE
1762,KUNST
1763,KUPER
1764,KUPON
1765,KUPPE
1766,KURIE
1767,KURRE
1768,KURSE
1769,KURVE
1770,KURZE
1771,KUTIN
1772,KUTIS
1773,KUTTE
1774,KYTOS
1775,KÄADA
1776,KÄFER
1777,KÄFIG
1778,KÄLTE
1779,KÄMEN
1780,KÄMPE
1781,KÄPPI
1782,KÄRER
1783,KÄRMS
1784,KÄRWA
1785,KÄRWE
1786,KÄSIG
1787,KÄTHE
1788,KÖBES
1789,KÖDER
1790,KÖLLE
1791,KÖNIG
1792,KÖNNT
1793,KÖPER
1794,KÖPFE
1795,KÖPPE
1796,KÖTEL
1797,KÖTER
1798,KÖTZE
1799,KÜBEL
1800,KÜCHE
1801,KÜFER
1802,KÜHER
1803,KÜHLE
1804,KÜHNE
1805,KÜKEN
1806,KÜPER
1807,KÜREN
1808,KÜRZE
1809,KÜSTE
1810,LABEL
1811,LABEN
1812,LABER
1813,LABIL
1814,LABOR
1815,LACCA
1816,LACHE
1817,LACHS
1818,LACHT
1819,LACKE
1820,LACUS
1821,LADEN
1822,LADIN
1823,LAGER
1824,LAHME
1825,LAIEN
1826,LAINZ
1827,LAKAI
1828,LAKEN
1829,LAMPE
1830,LANAE
1831,LANDE
1832,LANGE
1833,LANKA
1834,LANZE
1835,LAPIS
1836,LARIO
1837,LARRY
1838,LARVA
1839,LARVE
1840,LASCH
1841,LASER
1842,LASSE
1843,LASSO
1844,LASST
1845,LATEX
1846,LATIN
1847,LATTE
1848,LAUBE
1849,LAUCH
1850,LAUDE
1851,LAUEN
1852,LAUER
1853,LAUFE
1854,LAUGE
1855,LAUNE
1856,LAUST
1857,LAUTE
1858,LAVAS
1859,LAVAT
1860,LEAST
1861,LEBEN
1862,LEBER
1863,LEBUS
1864,LECKO
1865,LEDER
1866,LEDIG
1867,LEERE
1868,LEGAL
1869,LEGAT
1870,LEGEN
1871,LEGER
1872,LEGST
1873,LEHEN
1874,LEHRE
1875,LEHRT
1876,LEIBE
1877,LEIBT
1878,LEIDS
1879,LEIER
1880,LEINE
1881,LEISE
1882,LEMMA
1883,LENDE
1884,LENZE
1885,LEONE
1886,LEPRA
1887,LEPUS
1888,LERGE
1889,LERNT
1890,LESBE
1891,LESEN
1892,LESER
1893,LETAL
1894,LETZE
1895,LETZT
1896,LEUTE
1897,LEUTS
1898,LEVEL
1899,LEVIS
1900,LEWAT
1901,LEXEM
1902,LEXER
1903,LEXIK
1904,LIBER
1905,LIBRA
1906,LICET
1907,LICHT
1908,LIEBE
1909,LIEGE
1910,LIEGT
1911,LIGHT
1912,LIGNE
1913,LIKEN
1914,LIMES
1915,LIMIT
1916,LINDE
1917,LINER
1918,LINIE
1919,LINKE
1920,LINKS
1921,LINSE
1922,LINUM
1923,LINUX
1924,LIPID
1925,LIPPE
1926,LISTE
1927,LITER
1928,LITZE
1929,LIVEN
1930,LIVID
1931,LLOYD
1932,LOBBY
1933,LOBEN
1934,LOBES
1935,LOBUS
1936,LOCAL
1937,LOCKE
1938,LOCKT
1939,LOCUS
1940,LOGGE
1941,LOGIC
1942,LOGIK
1943,LOGIN
1944,LOGIS
1945,LOHEN
1946,LOHLE
1947,LOHNT
1948,LOIPE
1949,LOKAL
1950,LOKUS
1951,LOLLI
1952,LONGA
1953,LOPEZ
1954,LORKE
1955,LOSEN
1956,LOSER
1957,LOSES
1958,LOTOS
1959,LOTSE
1960,LOTTE
1961,LOTTO
1962,LOUIS
1963,LOVER
1964,LOYAL
1965,LUCHS
1966,LUCID
1967,LUCKY
1968,LUDER
1969,LUFFA
1970,LUGEN
1971,LUGER
1972,LULLE
1973,LULLI
1974,LUMEN
1975,LUMPI
1976,LUNCH
1977,LUNGE
1978,LUNKE
1979,LUNTE
1980,LUPUS
1981,LURCH
1982,LURIG
1983,LUSER
1984,LUTRA
1985,LUXOR
1986,LUXUS
1987,LUZID
1988,LUZIE
1989,LUZON
1990,LYRIK
1991,LYSSA
1992,LÄNDE
1993,LÄNDI
1994,LÄNGE
1995,LÄNGS
1996,LÄPPI
1997,LÄSST
1998,LÄSUR
1999,LÄUFT
2000,LÄUTE
2001,LÖHNE
2002,LÖSEN
2003,LÖTEN
2004,LÖWEN
2005,LÖWIN
2006,LÜCKE
2007,LÜFTE
2008,LÜGEN
2009,MACHE
2010,MACHO
2011,MACHS
2012,MACHT
2013,MACIS
2014,MACKE
2015,MACRO
2016,MAFIA
2017,MAGEN
2018,MAGER
2019,MAGIE
2020,MAGNA
2021,MAGOT
2022,MAGST
2023,MAGUS
2024,MAHLT
2025,MAHUT
2026,MAIEN
2027,MAINZ
2028,MAIOR
2029,MAJOR
2030,MAKEL
2031,MAKRO
2032,MALAD
2033,MALEN
2034,MALER
2035,MALIA
2036,MALLE
2037,MALTA
2038,MALUM
2039,MALUS
2040,MALVE
2041,MAMBA
2042,MAMMA
2043,MANCH
2044,MANEN
2045,MANGA
2046,MANIE
2047,MANKO
2048,MANNA
2049,MANNE
2050,MANOR
2051,MANSE
2052,MANUM
2053,MANUS
2054,MAORI
2055,MAPPE
2056,MARGE
2057,MARGO
2058,MARIA
2059,MARIE
2060,MARIN
2061,MARIO
2062,MARIS
2063,MARIÄ
2064,MARKE
2065,MARKT
2066,MASCH
2067,MASEL
2068,MASEN
2069,MASER
2070,MASKE
2071,MASSE
2072,MASUT
2073,MATCH
2074,MATER
2075,MATHE
2076,MATTE
2077,MATUR
2078,MAUEN
2079,MAUER
2080,MAUKE
2081,MAURE
2082,MAURI
2083,MAUSI
2084,MAZIS
2085,MECKI
2086,MEDIA
2087,MEIER
2088,MEILE
2089,MEINE
2090,MEINS
2091,MEINT
2092,MEISE
2093,MEIST
2094,MEKKA
2095,MELDE
2096,MELES
2097,MELIS
2098,MEMME
2099,MENGE
2100,MENSA
2101,MERCI
2102,MERKE
2103,MERKS
2104,MERKT
2105,MESSE
2106,METAL
2107,METER
2108,METRO
2109,METTE
2110,METUS
2111,METZE
2112,MEUTE
2113,MICRO
2114,MIENE
2115,MIESE
2116,MIETE
2117,MIEZE
2118,MIKRO
2119,MIKWE
2120,MILAN
2121,MILBE
2122,MILCH
2123,MILDE
2124,MILIE
2125,MILIZ
2126,MIMEN
2127,MIMIK
2128,MIMUS
2129,MINEN
2130,MINGA
2131,MINIM
2132,MINNA
2133,MINOR
2134,MINSK
2135,MINUS
2136,MINZE
2137,MIRAN
2138,MISCH
2139,MISSA
2140,MITTE
2141,MIXEN
2142,MIXER
2143,MOBIL
2144,MODAL
2145,MODEL
2146,MODEN
2147,MODER
2148,MODUL
2149,MODUS
2150,MOGUL
2151,MOLAR
2152,MOLLE
2153,MOLLI
2154,MOLLY
2155,MONAT
2156,MONDE
2157,MONEM
2158,MOPED
2159,MORAL
2160,MORDS
2161,MORES
2162,MORIA
2163,MOSEL
2164,MOTEL
2165,MOTIV
2166,MOTOR
2167,MOTTE
2168,MOTTO
2169,MOUNT
2170,MOUSE
2171,MPIKA
2172,MUCKE
2173,MUCKS
2174,MUCUS
2175,MUFFE
2176,MUFTI
2177,MUHEN
2178,MUHME
2179,MULDE
2180,MULTI
2181,MUMIE
2182,MUMPS
2183,MUNDE
2184,MUNDI
2185,MURIN
2186,MURKS
2187,MURTA
2188,MUSAK
2189,MUSEL
2190,MUSIC
2191,MUSIG
2192,MUSIK
2193,MUSSA
2194,MUSSE
2195,MUSST
2196,MUTER
2197,MUTES
2198,MUTIG
2199,MUTTI
2200,MUTUS
2201,MUZAK
2202,MÄDEL
2203,MÄDLE
2204,MÄGDE
2205,MÄHEN
2206,MÄHNE
2207,MÄHRE
2208,MÄNNE
2209,MÄSCH
2210,MÄUSE
2211,MÄZEN
2212,MÖBEL
2213,MÖGEN
2214,MÖHRE
2215,MÖNCH
2216,MÖPSE
2217,MÖRTA
2218,MÖSCH
2219,MÜCKE
2220,MÜDER
2221,MÜDES
2222,MÜHEN
2223,MÜHLE
2224,MÜNTE
2225,MÜNZE
2226,MÜRBE
2227,MÜRDE
2228,MÜSLI
2229,MÜSSE
2230,MÜTZE
2231,NABEL
2232,NABOB
2233,NACHT
2234,NACKT
2235,NADEL
2236,NADIR
2237,NAGEL
2238,NAGEN
2239,NAGER
2240,NAHEN
2241,NAHER
2242,NAHUR
2243,NAIVE
2244,NAMEN
2245,NANCY
2246,NANNY
2247,NARBE
2248,NARDE
2249,NASAL
2250,NASCH
2251,NASSE
2252,NATAL
2253,NATEL
2254,NATEM
2255,NATES
2256,NATIV
2257,NATUM
2258,NATUR
2259,NAXOS
2260,NEBEL
2261,NEBEN
2262,NEBST
2263,NEGER
2264,NEHME
2265,NEIGE
2266,NENNE
2267,NENNT
2268,NEPAL
2269,NETTE
2270,NETTO
2271,NETZE
2272,NEUEM
2273,NEUEN
2274,NEUER
2275,NEUES
2276,NEVER
2277,NEXUS
2278,NICHT
2279,NICKI
2280,NIEDA
2281,NIERE
2282,NIETE
2283,NIGER
2284,NIGRA
2285,NIHIL
2286,NIMMT
2287,NINJA
2288,NINPO
2289,NISUS
2290,NITON
2291,NITRA
2292,NIXLE
2293,NIZÄA
2294,NOBEL
2295,NOBLE
2296,NOCKE
2297,NODÖS
2298,NOMEN
2299,NONNE
2300,NORTH
2301,NOTCH
2302,NOTEN
2303,NOTES
2304,NOTIZ
2305,NOVEL
2306,NOVUM
2307,NOVUS
2308,NUBUK
2309,NUGAT
2310,NUGGI
2311,NULPE
2312,NUTEN
2313,NUTTE
2314,NUTZE
2315,NÄGEL
2316,NÄHEN
2317,NÄHER
2318,NÄHRE
2319,NÄSSE
2320,NÄVUS
2321,NÖLEN
2322,NÖTEN
2323,NÖTIG
2324,NÖTLI
2325,NÜBER
2326,NÜSSE
2327,NÜTZE
2328,NÜTZT
2329,OBERE
2330,OBERS
2331,OBHUT
2332,OCCHI
2333,OCHSE
2334,OCKEN
2335,ODELN
2336,ODEUR
2337,OFFEN
2338,OFNER
2339,OHCHR
2340,OHEIM
2341,OHREN
2342,OKAPI
2343,OLDIE
2344,OLEUM
2345,OLIVA
2346,OLLER
2347,OLLIE
2348,OMAMA
2349,OMBUD
2350,OMEGA
2351,ONKEL
2352,ONSET
2353,OPERA
2354,OPFER
2355,OPHIT
2356,OPITZ
2357,OPTIK
2358,ORBIS
2359,ORBIT
2360,ORDAL
2361,ORDEN
2362,ORDER
2363,ORDRE
2364,ORGAN
2365,ORGEL
2366,ORGIE
2367,ORGON
2368,ORKAN
2369,ORKUS
2370,ORLOG
2371,ORLOP
2372,ORNAT
2373,ORTEN
2374,ORTES
2375,ORYZA
2376,OSCAR
2377,OSCHI
2378,OSKAR
2379,OSSIS
2380,OSTEN
2381,OTTER
2382,OUIJA
2383,OUTEN
2384,OVATA
2385,OZEAN
2386,PACHT
2387,PACIS
2388,PACKT
2389,PACOS
2390,PACTA
2391,PAGER
2392,PAGET
2393,PAKET
2394,PALME
2395,PAMPA
2396,PAMPE
2397,PANDA
2398,PANEL
2399,PANEM
2400,PANIK
2401,PANNE
2402,PAPAT
2403,PAPEL
2404,PAPER
2405,PAPPE
2406,PAPST
2407,PAPUA
2408,PARAT
2409,PARES
2410,PARIA
2411,PARIS
2412,PARTE
2413,PARTY
2414,PARUS
2415,PASAK
2416,PASSE
2417,PASSO
2418,PASST
2419,PASTA
2420,PASTE
2421,PATCH
2422,PATER
2423,PATIN
2424,PATIO
2425,PATTE
2426,PAUKE
2427,PAUSE
2428,PEDAL
2429,PEDES
2430,PEDIS
2431,PEDUM
2432,PEGEL
2433,PELLE
2434,PENIS
2435,PENNE
2436,PENNY
2437,PERDU
2438,PERGE
2439,PERLE
2440,PERLT
2441,PERSO
2442,PESEN
2443,PETER
2444,PETIT
2445,PETRI
2446,PETTO
2447,PETUH
2448,PETZE
2449,PEUCE
2450,PFADE
2451,PFAHL
2452,PFALZ
2453,PFAND
2454,PFEIL
2455,PFERD
2456,PFIAT
2457,PFIFF
2458,PFLUG
2459,PFOTE
2460,PFUHL
2461,PFUND
2462,PHAGE
2463,PHASE
2464,PHATT
2465,PHONE
2466,PIANO
2467,PIECE
2468,PIEKS
2469,PIESE
2470,PIETA
2471,PIGGE
2472,PIKEN
2473,PILLE
2474,PILOT
2475,PILZE
2476,PIMPF
2477,PINIE
2478,PINKE
2479,PINNE
2480,PINOT
2481,PINTE
2482,PINUS
2483,PIRAT
2484,PIROL
2485,PISEE
2486,PISIN
2487,PISSE
2488,PISTE
2489,PISUM
2490,PITER
2491,PITZE
2492,PIXEL
2493,PIZZA
2494,PLACE
2495,PLAGE
2496,PLAIN
2497,PLANE
2498,PLAST
2499,PLATT
2500,PLATZ
2501,PLAYA
2502,PLEBS
2503,PLENT
2504,PLICA
2505,PLINS
2506,PLINZ
2507,PLOPP
2508,PLUME
2509,PLUMP
2510,PLUTO
2511,PLÄNE
2512,PLÜMO
2513,PODEX
2514,POFEN
2515,POINT
2516,POKAL
2517,POKER
2518,POLAR
2519,POLEI
2520,POLEN
2521,POLIO
2522,POLYP
2523,POMUM
2524,PONOR
2525,PONTE
2526,POPEL
2527,POREN
2528,PORRE
2529,PORTO
2530,PORÖS
2531,POSEN
2532,POSSE
2533,POTTE
2534,POWER
2535,PRAHA
2536,PRAIA
2537,PRALL
2538,PRANA
2539,PRANK
2540,PRAXI
2541,PREIS
2542,PRESS
2543,PRIEM
2544,PRIMA
2545,PRIME
2546,PRINZ
2547,PRISE
2548,PROBE
2549,PROFI
2550,PROLL
2551,PROLO
2552,PROMI
2553,PROOF
2554,PROSA
2555,PROST
2556,PROTZ
2557,PROVO
2558,PROXY
2559,PRUNK
2560,PRÄHM
2561,PRÄSE
2562,PRÖLL
2563,PRÖTT
2564,PRÜDE
2565,PRÜTT
2566,PUBIS
2567,PUDEL
2568,PUDER
2569,PULEN
2570,PULKA
2571,PULLE
2572,PULLI
2573,PULPA
2574,PULPE
2575,PUMPE
2576,PUMPS
2577,PUNCH
2578,PUNKT
2579,PUNZE
2580,PUPPE
2581,PURER
2582,PURIM
2583,PUSSY
2584,PUSTE
2585,PUTER
2586,PUTZE
2587,PYLON
2588,PYRIT
2589,PYRUS
2590,PÖBEL
2591,PÖKEL
2592,PÖLEN
2593,PÖNAL
2594,PÖTER
2595,PÖTTE
2596,PÜPPI
2597,PÜREE
2598,QANAT
2599,QUALI
2600,QUALM
2601,QUANT
2602,QUARK
2603,QUART
2604,QUARZ
2605,QUASI
2606,QUBIT
2607,QUEEN
2608,QUEER
2609,QUELL
2610,QUERE
2611,QUEUE
2612,QUICK
2613,QUIRL
2614,QUITO
2615,QUITT
2616,QUOTE
2617,RABAG
2618,RABAT
2619,RABBI
2620,RABEN
2621,RACHE
2622,RADAR
2623,RADAU
2624,RADIO
2625,RADIX
2626,RADON
2627,RAGEN
2628,RAIFE
2629,RAKEL
2630,RAMBO
2631,RAMPE
2632,RANCH
2633,RANDE
2634,RANEN
2635,RANFL
2636,RANFT
2637,RANGE
2638,RAPAX
2639,RAPID
2640,RASCH
2641,RASEN
2642,RASSE
2643,RATEL
2644,RATEN
2645,RATIO
2646,RATTE
2647,RAUCH
2648,RAUEN
2649,RAUER
2650,RAUFE
2651,RAUHE
2652,RAUKE
2653,RAUNT
2654,RAUPE
2655,RAUTE
2656,RAYON
2657,REALA
2658,REALE
2659,REALO
2660,REBBE
2661,REBEN
2662,REBUS
2663,RECHT
2664,RECKE
2665,RECTE
2666,RECTO
2667,REDEN
2668,REDET
2669,REEDE
2670,REELL
2671,REGAL
2672,REGAT
2673,REGEL
2674,REGEN
2675,REGER
2676,REGES
2677,REGIE
2678,REGIO
2679,REGST
2680,REICH
2681,REIDE
2682,REIEN
2683,REIFE
2684,REIFT
2685,REIHE
2686,REIHT
2687,REINE
2688,REISE
2689,REITE
2690,REIZE
2691,REMIS
2692,RENAL
2693,RENEE
2694,RENNT
2695,RENTE
2696,RERIO
2697,RERUM
2698,RESCH
2699,RESET
2700,RESTE
2701,RETRO
2702,RETTE
2703,REUEN
2704,REUIG
2705,REVAL
2706,REVUE
2707,RHEIN
2708,RIBES
2709,RICIN
2710,RICKE
2711,RIEFE
2712,RIEGE
2713,RIESE
2714,RIGHT
2715,RIGIL
2716,RIGOR
2717,RILLE
2718,RINDE
2719,RINGE
2720,RINGS
2721,RINNE
2722,RINNT
2723,RIPEN
2724,RIPPE
2725,RISPE
2726,RITUS
2727,RITZE
2728,RIZIN
2729,ROBBE
2730,ROBOT
2731,ROCKS
2732,ROCKT
2733,RODEL
2734,RODEN
2735,ROGER
2736,ROHES
2737,ROHÖL
2738,ROLLE
2739,ROLLI
2740,ROLLO
2741,ROMAN
2742,RONDE
2743,ROSEA
2744,ROSEN
2745,ROSIG
2746,ROTEN
2747,ROTER
2748,ROTES
2749,ROTTE
2750,ROTZE
2751,ROUND
2752,ROUTE
2753,ROWDY
2754,ROYAL
2755,RUBEL
2756,RUBER
2757,RUBIA
2758,RUBRA
2759,RUBUS
2760,RUCKI
2761,RUDEL
2762,RUDER
2763,RUFEN
2764,RUFUS
2765,RUHEN
2766,RUHIG
2767,RUMMS
2768,RUMPF
2769,RUNDE
2770,RUPPE
2771,RURAL
2772,RUSSE
2773,RUSTE
2774,RUTTE
2775,RÄBEN
2776,RÄDER
2777,RÄDLE
2778,RÄNGE
2779,RÄNKE
2780,RÄSON
2781,RÄUDE
2782,RÄUME
2783,RÄUTE
2784,RÖDEL
2785,RÖHRE
2786,RÖMER
2787,RÖSCH
2788,RÖTEL
2789,RÖTEN
2790,RÜBEN
2791,RÜBER
2792,RÜBÖL
2793,RÜGEN
2794,RÜHRT
2795,RÜPEL
2796,SABUN
2797,SACCO
2798,SACER
2799,SACHA
2800,SACHE
2801,SACHS
2802,SACHT
2803,SAGEN
2804,SAGER
2805,SAGST
2806,SAGTE
2807,SAHNE
2808,SAHUL
2809,SAITE
2810,SAKKO
2811,SALAT
2812,SALBE
2813,SALDO
2814,SALES
2815,SALIS
2816,SALIX
2817,SALON
2818,SALTO
2819,SALUT
2820,SALVE
2821,SALVO
2822,SALÄR
2823,SAMEN
2824,SAMER
2825,SANAA
2826,SANDE
2827,SANFT
2828,SANKA
2829,SANKT
2830,SANTA
2831,SAPPE
2832,SARDE
2833,SASSE
2834,SATAN
2835,SATYR
2836,SAUCE
2837,SAUER
2838,SAUNA
2839,SAURE
2840,SAUSE
2841,SAVON
2842,SCALE
2843,SCHAF
2844,SCHAH
2845,SCHAL
2846,SCHAM
2847,SCHAR
2848,SCHAS
2849,SCHAU
2850,SCHER
2851,SCHEU
2852,SCHHH
2853,SCHMU
2854,SCHON
2855,SCHOT
2856,SCHUB
2857,SCHUF
2858,SCHUH
2859,SCHUR
2860,SCHÖN
2861,SCOOP
2862,SECHS
2863,SEELE
2864,SEGEL
2865,SEGEN
2866,SEHEN
2867,SEHER
2868,SEHNE
2869,SEIDE
2870,SEIEN
2871,SEIFE
2872,SEIHE
2873,SEINE
2874,SEINS
2875,SEITE
2876,SEKTE
2877,SELBE
2878,SELIG
2879,SEMER
2880,SENAT
2881,SENGE
2882,SENIL
2883,SENKE
2884,SERIA
2885,SERIE
2886,SERUM
2887,SERÖS
2888,SETZT
2889,SEXEN
2890,SEXUS
2891,SHIRT
2892,SHOAH
2893,SHORT
2894,SIADH
2895,SIBIU
2896,SICCA
2897,SICHT
2898,SIDRA
2899,SIECH
2900,SIEHE
2901,SIEHT
2902,SILBE
2903,SILEX
2904,SIMON
2905,SIMUM
2906,SINNE
2907,SINNS
2908,SINTI
2909,SINUS
2910,SIPPE
2911,SIRUP
2912,SITTA
2913,SITTE
2914,SITZT
2915,SKALA
2916,SKALP
2917,SKILL
2918,SKULL
2919,SKUNK
2920,SKYPE
2921,SLANG
2922,SLASH
2923,SLICK
2924,SLOMO
2925,SMALL
2926,SMART
2927,SMSEN
2928,SMURF
2929,SMUTA
2930,SNACK
2931,SNARE
2932,SOCKE
2933,SODAE
2934,SODOM
2935,SOFIA
2936,SOGAR
2937,SOHLE
2938,SOLCH
2939,SOMIT
2940,SONAR
2941,SONDE
2942,SONIC
2943,SONNE
2944,SONOR
2945,SONST
2946,SOOFT
2947,SOPOR
2948,SORGE
2949,SORGT
2950,SORRY
2951,SORTE
2952,SOSSE
2953,SOTTO
2954,SOUND
2955,SOWAS
2956,SOWIE
2957,SOZEN
2958,SOZIS
2959,SPACE
2960,SPACK
2961,SPAHL
2962,SPALT
2963,SPANN
2964,SPASS
2965,SPAST
2966,SPATZ
2967,SPECK
2968,SPEED
2969,SPEER
2970,SPEIK
2971,SPEIL
2972,SPEIS
2973,SPELT
2974,SPELZ
2975,SPEZI
2976,SPEZL
2977,SPIEL
2978,SPILL
2979,SPINA
2980,SPIND
2981,SPINN
2982,SPINT
2983,SPION
2984,SPITZ
2985,SPLIT
2986,SPORK
2987,SPORT
2988,SPOTT
2989,SPRAK
2990,SPREU
2991,SPRIT
2992,SPRUE
2993,SPULE
2994,SPUMA
2995,SPUND
2996,SPURT
2997,SPUSI
2998,SPÄTE
2999,SPÄTH
3000,SPÄTI
3001,SPÜLE
3002,SPÜLI
3003,SQUAW
3004,STAAT
3005,STABI
3006,STACK
3007,STADT
3008,STAGE
3009,STAHL
3010,STALL
3011,STAMM
3012,STAND
3013,STAPI
3014,STARK
3015,STARR
3016,STARS
3017,START
3018,STASE
3019,STASI
3020,STATE
3021,STATT
3022,STATU
3023,STAUB
3024,STEAK
3025,STEGE
3026,STEHE
3027,STEHT
3028,STEIF
3029,STEIG
3030,STEIL
3031,STEIN
3032,STELE
3033,STELL
3034,STENO
3035,STENT
3036,STENZ
3037,STEPP
3038,STERN
3039,STERZ
3040,STETS
3041,STEWI
3042,STICH
3043,STICK
3044,STIEL
3045,STIER
3046,STIFT
3047,STIKO
3048,STILL
3049,STINO
3050,STIPS
3051,STIRN
3052,STOCK
3053,STOFF
3054,STOLZ
3055,STOMA
3056,STOPP
3057,STORE
3058,STORY
3059,STOSS
3060,STRAD
3061,STRAT
3062,STREB
3063,STREU
3064,STRIP
3065,STROH
3066,STROM
3067,STUBE
3068,STUCK
3069,STUDI
3070,STUFE
3071,STUFF
3072,STUHL
3073,STUKA
3074,STUMM
3075,STUND
3076,STUNK
3077,STUPS
3078,STURM
3079,STURZ
3080,STUSS
3081,STUTE
3082,STUTZ
3083,STVZO
3084,STYLE
3085,STÖRT
3086,STÜCK
3087,SUADA
3088,SUADE
3089,SUBER
3090,SUCHE
3091,SUCHT
3092,SUCRE
3093,SUDAN
3094,SUDEL
3095,SUFIK
3096,SUITE
3097,SUJET
3098,SUMMA
3099,SUMME
3100,SUMPF
3101,SUMSE
3102,SUOMI
3103,SUPER
3104,SUPPE
3105,SUREN
3106,SWINE
3107,SYRTE
3108,SYSOP
3109,SZENE
3110,SÄBEL
3111,SÄCKE
3112,SÄGEN
3113,SÄMIG
3114,SÄTZE
3115,SÄULE
3116,SÄURE
3117,SÖHNE
3118,SÜDEN
3119,SÜHNE
3120,SÜLZE
3121,SÜNDE
3122,SÜSSE
3123,TABAK
3124,TABUS
3125,TACHO
3126,TADEL
3127,TAEDA
3128,TAFEL
3129,TAGEN
3130,TAGES
3131,TAIGA
3132,TAKES
3133,TAKKO
3134,TALER
3135,TALJE
3136,TALUS
3137,TAMIL
3138,TANGA
3139,TANKE
3140,TANNE
3141,TANTE
3142,TAPET
3143,TAPIR
3144,TARIF
3145,TARTE
3146,TARTU
3147,TASER
3148,TASSE
3149,TASTE
3150,TATAR
3151,TATEN
3152,TATRA
3153,TATZE
3154,TAUBE
3155,TAUEN
3156,TAUFE
3157,TAUGT
3158,TAUSI
3159,TAXIS
3160,TAXON
3161,TAXUS
3162,TEDDY
3163,TEEEI
3164,TEICH
3165,TEILE
3166,TEILS
3167,TEINT
3168,TEITA
3169,TELEX
3170,TELKO
3171,TEMPO
3172,TEMÜR
3173,TENNE
3174,TENNO
3175,TENOR
3176,TERGO
3177,TERMS
3178,TERRA
3179,TESTS
3180,TETRA
3181,TEUER
3182,TEUFE
3183,TEURE
3184,TEUTO
3185,TEXAS
3186,THEIN
3187,THEKE
3188,THEMA
3189,THEME
3190,THESE
3191,THING
3192,THORO
3193,THRON
3194,TIARA
3195,TIBET
3196,TIBIA
3197,TICKT
3198,TIDEN
3199,TIEFE
3200,TIERE
3201,TIGER
3202,TILDE
3203,TILIA
3204,TIMER
3205,TIMUR
3206,TINEA
3207,TINTE
3208,TIPPI
3209,TIPPO
3210,TIRAN
3211,TIROL
3212,TISCH
3213,TITAN
3214,TITEL
3215,TITER
3216,TITTE
3217,TOAST
3218,TOBAK
3219,TOBEN
3220,TODDY
3221,TODEL
3222,TODES
3223,TOFTE
3224,TOKEN
3225,TOKIO
3226,TOKYO
3227,TOLLE
3228,TOMIS
3229,TOMMY
3230,TOMOI
3231,TONNE
3232,TONUS
3233,TOPIK
3234,TOPOR
3235,TOPOS
3236,TOPPI
3237,TORSO
3238,TORTE
3239,TORUS
3240,TOSEN
3241,TOTAL
3242,TOTEM
3243,TOTEN
3244,TOTER
3245,TOTES
3246,TOUCH
3247,TOURI
3248,TOWER
3249,TOXEN
3250,TOXIN
3251,TRABI
3252,TRACK
3253,TRADE
3254,TRAFO
3255,TRAGE
3256,TRAKT
3257,TRAMP
3258,TRANK
3259,TRARA
3260,TRASH
3261,TRAUE
3262,TRAUM
3263,TRAUT
3264,TREBE
3265,TRECK
3266,TREFF
3267,TREMA
3268,TREND
3269,TREUE
3270,TRIAC
3271,TRIAL
3272,TRIAS
3273,TRICK
3274,TRIEB
3275,TRIER
3276,TRIFT
3277,TRINE
3278,TRIST
3279,TRITT
3280,TROER
3281,TROLL
3282,TROPF
3283,TROSS
3284,TROST
3285,TROTT
3286,TROTZ
3287,TRUCK
3288,TRUHE
3289,TRUMM
3290,TRUNK
3291,TRUPP
3292,TRUST
3293,TRUTE
3294,TRÄGE
3295,TRÄGT
3296,TRÄNE
3297,TRÄUM
3298,TRÖTE
3299,TRÜBE
3300,TSCHÖ
3301,TSCHÜ
3302,TSUBA
3303,TSUGA
3304,TUCKE
3305,TULPE
3306,TUMOR
3307,TUNEN
3308,TUNIS
3309,TUNKE
3310,TUNTE
3311,TUPEL
3312,TUPPE
3313,TURBO
3314,TUSSE
3315,TUSSI
3316,TUTEN
3317,TUTOL
3318,TUTOR
3319,TWEET
3320,TWILL
3321,TWIST
3322,TYLOM
3323,TYPEN
3324,TYPUS
3325,TÄNIE
3326,TÄTER
3327,TÄTIG
3328,TÖFTE
3329,TÖNEN
3330,TÖTEN
3331,TÜCKE
3332,TÜLLE
3333,TÜREN
3334,TÜRKE
3335,TÜTEN
3336,UBOOT
3337,UDINE
3338,UDSSR
3339,UFERE
3340,UFERN
3341,UFZGI
3342,ULCUS
3343,ULKEN
3344,ULKIG
3345,ULKUS
3346,ULTRA
3347,ULURU
3348,UMAMI
3349,UMBAU
3350,UMBER
3351,UMBRA
3352,UMTUN
3353,UMWEG
3354,UMZUG
3355,UNART
3356,UNBAR
3357,UNCDF
3358,UNCIA
3359,UNCRD
3360,UNDCP
3361,UNDER
3362,UNEDO
3363,UNFPA
3364,UNFUG
3365,UNGAR
3366,UNGUT
3367,UNHCR
3368,UNION
3369,UNKEN
3370,UNMUT
3371,UNOPS
3372,UNRAT
3373,UNRWA
3374,UNSER
3375,UNSRE
3376,UNTAT
3377,UNTEN
3378,UNTER
3379,UNTOT
3380,UNÄRE
3381,UPPEN
3382,URAHN
3383,URALT
3384,URBAN
3385,URBAR
3386,URIAL
3387,UROMA
3388,UROPA
3389,URSUS
3390,URTYP
3391,USANZ
3392,USUAL
3393,UTERI
3394,UTERO
3395,UTZEN
3396,UVULA
3397,VADUZ
3398,VAGEN
3399,VAPEN
3400,VARIA
3401,VARIO
3402,VARIX
3403,VARUM
3404,VARUS
3405,VATER
3406,VECHI
3407,VEINY
3408,VELLA
3409,VENIA
3410,VENUS
3411,VERBI
3412,VERBO
3413,VERDE
3414,VERDI
3415,VERSA
3416,VERSE
3417,VERSO
3418,VERUM
3419,VERVE
3420,VESEN
3421,VESPA
3422,VESTA
3423,VESTE
3424,VICIA
3425,VIDEO
3426,VIECH
3427,VIELE
3428,VIERE
3429,VIERT
3430,VIGIL
3431,VIGNA
3432,VIKAR
3433,VILLA
3434,VINCA
3435,VINYL
3436,VIOLA
3437,VIOLE
3438,VIPER
3439,VIRAL
3440,VIRGA
3441,VIRGO
3442,VIRIL
3443,VIRON
3444,VIRUS
3445,VISTA
3446,VISUM
3447,VISUS
3448,VITAE
3449,VITAL
3450,VITIS
3451,VITRO
3452,VIVRE
3453,VLASI
3454,VLIES
3455,VOCAL
3456,VOGEL
3457,VOGUE
3458,VOIGT
3459,VOILE
3460,VOKAL
3461,VOLAR
3462,VOLKS
3463,VOLLE
3464,VOLOS
3465,VOLTE
3466,VOLVO
3467,VONNE
3468,VORAB
3469,VORAN
3470,VORIG
3471,VORNE
3472,VOTEN
3473,VOTUM
3474,VOTZE
3475,VOXEL
3476,VULGO
3477,VULVA
3478,VÄRIS
3479,VÄTER
3480,VÖGEL
3481,WAAGE
3482,WAARI
3483,WACHE
3484,WACHS
3485,WACHT
3486,WAFFE
3487,WAGEN
3488,WAGON
3489,WAHRE
3490,WAISE
3491,WALDE
3492,WALES
3493,WALTE
3494,WALZE
3495,WAMPE
3496,WANGE
3497,WANKT
3498,WANNE
3499,WANST
3500,WANZE
3501,WAREN
3502,WARME
3503,WARNE
3504,WARST
3505,WARTE
3506,WARUM
3507,WARVE
3508,WARZE
3509,WASTE
3510,WATCH
3511,WATEN
3512,WATTE
3513,WEBEN
3514,WEBER
3515,WEDEL
3516,WEDER
3517,WEESS
3518,WEGEN
3519,WEHEN
3520,WEICH
3521,WEIDE
3522,WEIHE
3523,WEILE
3524,WEINT
3525,WEISE
3526,WEISS
3527,WEITE
3528,WELAB
3529,WELCH
3530,WELLE
3531,WELPE
3532,WENDE
3533,WENIG
3534,WENNS
3535,WERDE
3536,WERFT
3537,WERKE
3538,WERTE
3539,WERTH
3540,WESEN
3541,WESSI
3542,WESTE
3543,WETTE
3544,WHITE
3545,WICHS
3546,WICHT
3547,WIDER
3548,WIDUM
3549,WIEGE
3550,WIESE
3551,WIESN
3552,WIESO
3553,WILDE
3554,WILLE
3555,WILLI
3556,WILNA
3557,WINDE
3558,WINKE
3559,WIPPE
3560,WIRST
3561,WISCH
3562,WITTE
3563,WITWE
3564,WITZE
3565,WNFPC
3566,WOBEI
3567,WOCHE
3568,WODKA
3569,WOFÜR
3570,WOGEN
3571,WOHER
3572,WOHIN
3573,WOHLE
3574,WOHNT
3575,WOKES
3576,WOLKE
3577,WOLLE
3578,WOMIT
3579,WONNE
3580,WOOTZ
3581,WORAN
3582,WORLD
3583,WORST
3584,WORTE
3585,WORUM
3586,WOTAN
3587,WOVON
3588,WRACK
3589,WRUKE
3590,WUCHS
3591,WUCHT
3592,WULST
3593,WUMME
3594,WUMMS
3595,WUMPE
3596,WUNDE
3597,WURDE
3598,WURST
3599,WÄDLI
3600,WÄGEN
3601,WÄNDE
3602,WÄREN
3603,WÄRME
3604,WÖLFE
3605,WÖRTH
3606,WÜRDE
3607,WÜRZE
3608,WÜSTE
3609,WÜTEN
3610,XANAX
3611,XANNY
3612,XENON
3613,XYLEM
3614,XYLIT
3615,YACHT
3616,YOHUR
3617,ZACKE
3618,ZAGEN
3619,ZAIRE
3620,ZANGE
3621,ZARTE
3622,ZDLER
3623,ZECHE
3624,ZECKE
3625,ZEDER
3626,ZEHNT
3627,ZEIGT
3628,ZEILE
3629,ZELLE
3630,ZELOT
3631,ZELTE
3632,ZENIT
3633,ZETER
3634,ZEUGE
3635,ZEUGS
3636,ZICKE
3637,ZIDER
3638,ZIEGE
3639,ZIEHT
3640,ZIELE
3641,ZIESE
3642,ZIGAN
3643,ZILLE
3644,ZINKE
3645,ZINNE
3646,ZIPPE
3647,ZIRBE
3648,ZIRKA
3649,ZIRPE
3650,ZISCH
3651,ZITAT
3652,ZIVIL
3653,ZNÜNI
3654,ZONAL
3655,ZORNS
3656,ZOTIG
3657,ZUBAU
3658,ZUBER
3659,ZUCHT
3660,ZUCKI
3661,ZUDEM
3662,ZUGIG
3663,ZUMAL
3664,ZUNFT
3665,ZUNGE
3666,ZURUF
3667,ZUTAT
3668,ZUTUN
3669,ZUVOR
3670,ZUZUG
3671,ZWANG
3672,ZWECK
3673,ZWEIG
3674,ZWEIT
3675,ZWERG
3676,ZWIRN
3677,ZWIST
3678,ZWÖLF
3679,ZÄHEM
3680,ZÄHES
3681,ZÄHLE
3682,ZÄHLT
3683,ZÄHNE
3684,ZÄHRE
3685,ZÄKUM
3686,ZÄSUR
3687,ZÖKUM
3688,ZÖPFE
3689,ZÜGEL
3690,ZÜGEN
3691,ZÜGIG
3692,ÄDERN
3693,ÄGIDE
3694,ÄGÄIS
3695,ÄHREN
3696,ÄLTER
3697,ÄPFEL
3698,ÄRGER
3699,ÄRMEL
3700,ÄRPEL
3701,ÄRZTE
3702,ÄTHER
3703,ÄTZEN
3704,ÄUGEN
3705,ÖCHER
3706,ÖCKEN
3707,ÖDNIS
3708,ÖDUNG
3709,ÖFFIS
3710,ÖFTER
3711,ÖLGAS
3712,ÖLUNG
3713,ÖMMEL
3714,ÖMMES
3715,ÖRNIE
3716,ÖSCHI
3717,ÜBELS
3718,ÜBERM
3719,ÜBERN
3720,ÜBERS
3721,ÜBLEN
3722,ÜBLER
3723,ÜBLES
3724,ÜBRIG
3725,ÜBUNG
3726,ÜPPIG